2,-0.0117400041945519
3,-0.00363443953594444
4,0.00349972738333815
5,-0.00143219632203273
6,0.0034169287261907
7,-0.00611824567050245
8,0.00397349911985856
9,-0.00866758099535048
10,0.0059866045736392
11,0.00962827013776835
12,-0.00953542249290162
13,-0.00781344193665934
14,-0.00643547926792731
15,-0.00353402295127658
16,0.00399632969782715
17,0.00483241954052094
18,0.00040883838825323
19,-0.00271968312517323
20,0.00842469371977739
21,0.00686726661073855
22,0.00317292891029908
23,-0.00276946486908791
24,0.0109825199609679
25,-0.00108955868976057
26,0.000482590000442151
27,-0.00861225879705341
28,0.00420261815707867
29,0.00690175015196903
30,0.000696650973425861
31,0.00329433387381073
32,0.000181759668946846
33,-0.00795492221932559
34,0.000699289897447386
35,-0.014611960280889
36,0.00559170012893606
37,0.00786277743845432
38,0.00926377764873809
39,-0.00643490056190998
40,0.00564212744562198
41,-0.000272736514846272
42,0.000322253219422919
43,0.00957836152577585
44,0.00260686984811986
45,-0.00481034062232766
46,-0.0102373453651881
47,0.00185409735080366
48,-0.00761214814668065
49,0.00560886609194444
50,-0.00755225388512493
51,-0.00811470046945306
52,0.00179963306360165
53,-0.000470562985941392
54,-0.00494643350547097
55,-0.0102485459051298
56,0.000699645119057735
57,-0.000947106421556043
58,0.00243849284066755
59,-0.00762517922987449
60,0.0136786298809524
61,-0.0006943844478835
62,-0.0065178810548403
63,0.0027244771704602
64,0.00447084318279245
65,0.00226588671193184
66,0.00595323360623201
67,-0.00838001493224816
68,8.47439722395649e-06
69,0.00552988494719564
70,-0.0118313257562006
71,-0.0100521340618682
72,-0.0168618622132328
73,0.00293628196345619
74,0.0059162929651384
75,-0.013343569803137
76,0.0195439866548481
77,-0.0067731393222461
78,0.00862497341885327
79,-0.00887674885469281
80,0.00394249654098555
81,-0.0114456234155993
82,0.0118519565604451
83,0.0045795984127972
84,-0.000852216453694155
85,0.0123930511610517
86,-0.00257211288916359
87,-0.00109218435107561
88,0.00637396597133755
89,-0.0107631507675849
90,0.00418427969235147
91,-0.0100838884151795
92,-0.00459057862361512
93,0.0100355985937641
94,0.0069332551303054
95,0.00996889567756032
96,0.00464513505665298
97,-0.00151231524172246
98,0.00384363622078965
99,0.000175851893990497
100,-0.00340587564136285
101,0.00637453102292529
102,0.000968147286756427
103,-0.00609137960578643
104,0.00895680597287107
105,0.00172039052567463
106,-0.00689081953642923
107,0.00124501483063888
108,-0.00020878831689064
109,-0.00216558758301755
110,0.00522626815216931
111,-0.0023509989438093
112,0.00225930913423156
113,0.00257000971129617
114,0.00221525341563655
115,0.00362352634728769
116,0.00494251244437027
117,-0.000706916441091998
118,-0.00204962066391534
119,0.000222468477502069
120,-0.0108921565721447
121,-0.00765796852297385
122,-0.000738798520538708
123,0.00909606859627754
124,-0.00143246108550166
125,-0.00712623583205296
126,0.00260711375851308
127,0.0087938529494096
128,-0.00837533431110948
129,0.00244904989771122
130,0.0116113816055528
131,0.00623533154225697
132,0.00226897491415645
133,0.000883318806156552
134,0.00262060240750994
135,0.0011571321395607
136,-0.00554505319390142
137,0.0067088912334885
138,0.00474730572312954
139,-0.0066280638004681
140,0.00539681952052717
141,-0.00377635236741991
142,0.0017315780306939
143,0.00456250296792859
144,0.00558752030965248
145,-0.00770003958136112
146,0.000947485613303378
147,0.00707413735679197
148,0.000739240570578836
149,-0.00740061736449693
150,-0.0076676796621209
151,-0.00268624107494553
152,0.00672234461007104
153,-0.00182888963508621
154,0.00703713069255496
155,-0.00601253231564858
156,0.00282436293183519
157,-0.0118458665508321
158,0.000737851644188936
159,-0.00100027885237264
160,0.000565819933967759
161,0.00165477710676054
162,-0.00339440341303554
163,-0.00659203618525872
164,0.00229568635791022
165,-0.00601458632655394
166,0.00594037685372228
167,-0.00319743395179195
168,0.00981580387853054
169,0.00103198315429864
170,-0.00292665513637669
171,0.0125398820999036
172,0.00240507859631567
173,-0.00380055881825836
174,0.00793319236942125
175,-0.000741262048691738
176,-0.00757367438896139
177,-0.00328667946219152
178,0.000464335271226801
179,0.00825758163259671
180,-0.00558139091487142
181,-0.00789452146483782
182,-0.00916299408897547
183,0.00364567183870967
184,0.000551496975285559
185,0.000279701508945074
186,2.47021124755165e-05
187,0.001011268898929
188,0.00882781738136718
189,0.000920015980301336
190,-0.00171867230092015
191,-0.0100198533589886
192,-0.0149990418851305
193,-0.00410408552150265
194,0.00369444371481276
195,-0.00719200833527722
196,-0.00207399201803771
197,-0.00608661238739483
198,-0.000713596001319594
199,0.00823389537508135
200,0.00297057034563952
201,-0.0101003806392743
202,0.0148450384576941
203,-0.0151336417269832
204,0.00151855851817206
205,0.0166378691284015
206,-0.00237066953647247
207,-0.0043217879463695
208,-0.0105304826211468
209,0.0164138859023009
210,0.00715052879394573
211,-0.00352731121330319
212,0.00992761049175339
213,0.00425509419626646
214,0.000163989708580559
215,0.00218591864941686
216,-0.00345711244357005
217,0.00168909865223021
218,0.00841079767286956
219,0.00304987915565302
220,-0.000777775032231531
221,-0.00385744982389102
222,0.00178841860670964
223,0.00936954397321887
224,0.00439167075994717
225,0.00525741567848925
226,0.00507139501568599
227,0.00346678812071133
228,0.00208378992597336
229,-0.00854421513885928
230,1.5920062085506e-05
231,-0.00638225363234213
232,0.0120838046180207
233,0.000324073132591529
234,-0.00236627649697496
235,0.00127483699828801
236,-0.00502165305799007
237,-0.00121758962662799
238,0.00280694762861167
239,0.000841383476405611
240,0.00553829531171779
241,0.00418077817023566
242,-0.00141531116280547
243,-0.00285234579237414
244,-0.00585613014760433
245,-0.000238177601287859
246,0.00251350543822859
247,0.00421189517436371
248,0.000425767312880687
249,-0.00959930913800644
250,0.0012963762616609
251,-0.00298496981445417
252,-0.00489870344972232
253,0.0162969645269104
254,0.00366596429987176
255,1.57200408841263e-05
256,0.00935551861859452
257,0.00364969580898489
258,-0.000356675616409952
259,0.00347549801529734
260,-0.0062940047826272
261,0.00120444824773536
262,-0.00364120853960248
263,-0.00390494298220645
264,0.00554825298848716
265,-0.0184963225471479
266,0.00184528372373194
267,0.00240254836265841
268,-0.0017222177056091
269,0.00720890726399226
270,0.00773401464669909
271,0.00114443107060413
272,-0.00398397982592158
273,0.001857536476642
274,-0.00910200568293007
275,-0.00537301983661909
276,0.000782895578486098
277,-0.00812766661725295
278,0.0086255616427291
279,-0.00147859027646824
280,0.00253674786508906
281,-0.00326502259798911
282,0.00998282308962573
283,0.00349827668458325
284,0.00730140862996187
285,-0.00166110291484589
286,-0.00327589298696385
287,0.0074853901762113
288,-0.00378227964058109
289,0.00127270094302379
290,0.00363062148030391
291,-0.0104553270271914
292,0.00822739265209638
293,-0.00162764822199968
294,-0.0014827337328418
295,-0.00699282132241841
296,-0.00186364543437012
297,0.00202788726047753
298,-0.00489277733035642
299,0.00719762190468476
300,0.00211257777561791
301,0.0103424561240866
302,0.0042607563016146
303,0.00177118609475713
304,0.00146984542331019
305,-0.00166138622279544
306,-0.00603310136266177
307,0.00600251502940541
308,-0.00258563228759812
309,0.000982797571605687
310,-0.00102893859319497
311,-0.00645899881808898
312,0.00744193612126409
313,-0.00202833185299411
314,-0.00414625352034292
315,0.00226797383325295
316,0.0062371980087752
317,0.00430184141240186
318,-0.00192323947380402
319,-0.0103973529113004
320,0.000864153721169103
321,-0.00778115426067671
322,0.00120406668203898
323,0.000776024005575415
324,-0.00294435068475796
325,0.0169332044614796
326,0.00202507694956999
327,0.00116724879926267
328,-0.000137209178926234
329,-0.00242044562338073
330,-0.0048815125086259
331,0.0028153703395466
332,0.00329615804485783
333,0.00067931447502545
334,-0.00414408739970362
335,0.00612591306189714
336,-0.0038835037805276
337,0.00315223302642043
338,0.0102426662994715
339,-0.000830039046561204
340,0.000362277150255608
341,-0.00172964367592243
342,-0.0128806749494901
343,-0.0113048176844845
344,0.00252153096591456
345,-0.00187123131495426
346,-0.0169844941677715
347,-0.00672154985909224
348,0.00412835705869607
349,-0.00392241462054255
350,-0.00435947742513143
351,0.0015824030318532
352,0.0113059406330516
353,0.00570304313329206
354,-0.0159765596101735
355,0.00807920026290621
356,0.0122233272769936
357,0.00195033342938
358,-0.0179600222971876
359,-0.00113877693372721
360,-0.00611109203425642
361,0.00141604900577175
362,-0.00448565606270979
363,-0.0119372179581383
364,-0.0111738459340129
365,0.00517588506333855
366,0.0210127546473835
367,-0.00368465134786167
368,-0.00915860732329765
369,-8.07176695882816e-06
370,0.00969382010163677
371,-0.00528464292811393
372,-0.00088347944431888
373,0.00485765534552396
374,-0.00912552759215224
375,0.00547244978637984
376,0.0213357690930982
377,-0.0020998596482249
378,0.00783412851872534
379,-0.00727525226175629
380,0.00249110892517024
381,-0.00677283394842476
382,0.00146870790186693
383,0.00400831159902904
384,-0.0109285275028554
385,-0.0130515487607079
386,-0.00490630567574613
387,-0.00138419738118323
388,0.00191797661238091
389,0.0183850649379114
390,-0.00851364977799207
391,-0.00710205831115829
392,0.0164884547879014
393,0.00630091608035421
394,-0.000378342950119404
395,-0.00410813743460992
396,0.0120785164702113
397,-0.00147934242844361
398,-0.00450623692865815
399,0.00509353485047637
400,0.00223639167653733
401,-0.000711067643813124
402,-0.00281000759664973
403,-0.00336837299535553
404,-0.0043587708080528
405,0.00461833931718214
406,-0.00399446585139795
407,0.00115976346135405
408,0.0136035174636522
409,0.00763278389740041
410,0.00158117821305748
411,0.00370806335083795
412,-0.00367720400594163
413,0.00100135277016378
414,-0.00449876030772955
415,0.00237158060356979
416,-0.000748774124203599
417,0.00515241641914077
418,0.00191860564318969
419,0.000835335047501218
420,-0.00118814591302208
421,0.00549946439531546
422,0.00170714070669131
423,-0.00994072869100737
424,-0.00481058479540764
425,0.00377951646549501
426,0.000477201874927502
427,0.0103042096147172
428,0.00385390915423578
429,-0.00135890621400225
430,0.00256455516568987
431,0.00115116411233362
432,-0.00268304850735479
433,0.00570607098576126
434,-0.00541012043327527
435,-0.00246884627389488
436,0.0087765104516917
437,0.00749611513141435
438,0.00017957006580982
439,0.00171187834965369
440,-0.00226567191281912
441,-0.00339688470432176
442,0.0020935009294778
443,0.0119883017136537
444,0.00223422283137698
445,-0.00268609873960113
446,0.000792569618379702
447,0.00204136776932806
448,-0.00256723638442402
449,0.00949586934846458
450,0.00204514652830667
451,0.00251588174602357
452,-0.00366616448921242
453,0.00128212185790577
454,0.000848894206158413
455,0.00119903437267332
456,0.00613345649331531
457,0.000261389049363459
458,0.00350773373296764
459,0.00495074455464373
460,-0.00848754766702164
461,0.000428334068703684
462,7.1752296140204e-06
463,-0.00737862366151809
464,-0.00034374202536025
465,-0.00222570927225529
466,0.0112825746857919
467,0.00221524368669979
468,0.00208050835407647
469,-0.00534724972686718
470,0.00186288838689208
471,0.00254583325953206
472,0.00633628288362242
473,0.00240159776169246
474,0.00228160870432426
475,0.00102817687285928
476,-0.000499661653141636
477,0.00164809419883305
478,0.00233536862224426
479,-0.00366223559107937
480,-0.0136477898022651
481,0.003438472345481
482,0.00915949927084458
483,0.00082141420931503
484,-0.00280269585654569
485,0.00884594941184424
486,0.00399451994379429
487,-0.00131556569452762
488,-0.00397844987343188
489,0.00181030175523134
490,0.0022672408073543
491,-0.00104792188917902
492,0.00116816744438797
493,0.00865192222809696
494,0.00112177480909281
495,-0.00323556895191413
496,0.00215592543469167
497,-0.0014180158389232
498,-0.00368071683454474
499,-0.00533043250831877
500,0.00434283016792225
501,0.00699078151742771
502,-0.00147987699760854
503,-0.00452330217942265
504,-0.00119938847141565
505,0.00122753233161088
506,-0.00610316791482379
507,0.00221785716034351
508,-0.000516809875508173
509,0.00193847234895372
510,0.00631986113354976
511,0.00484142696844714
512,0.000817460910785606
513,-0.000894337211144069
514,-0.00297516137600162
515,0.00289128163640306
516,-0.00529188648757106
517,0.00353570706844586
518,0.00846553667390015
519,-0.0113337881028741
520,-0.00120865904138245
521,-0.00109755109730969
522,0.00575549848782764
523,0.00657124588094593
524,0.00533945140583203
525,0.00169301677588152
526,-0.000967075207189083
527,0.000697764098990028
528,0.00139406927019614
529,-0.00117996304892198
530,-0.00710237611137199
531,-0.00326671246215149
532,0.00756877497695463
533,0.0076150120189471
534,0.00103705566021262
535,-0.000872161682330841
536,0.0028402780243777
537,-0.00140543808918991
538,-0.000857924353300454
539,-0.00357003931719468
540,-0.00125489304064619
541,-0.0353426608069203
542,0.00554548479193517
543,-0.00259780573285351
544,-0.0114682618293003
545,-0.00945220963954707
546,0.0153747806743985
547,-0.00246831414475146
548,0.00710134776828308
549,0.000677392150231881
550,0.00267669878877985
551,-0.0205785759265096
552,0.00666888032911483
553,0.00367697970685921
554,-0.00383565561190924
555,0.0108355694564022
556,0.00631348133382392
557,0.0169366434473561
558,-0.000348483047323711
559,0.00109379140152654
560,0.00096743477066763
561,-0.00620356061484628
562,-0.00799768490015751
563,0.00373274863874506
564,-0.00117468527624798
565,0.00259369723489833
566,0.00923730727788374
567,0.00111219833347587
568,0.00304531421414467
569,0.000588549961401341
570,0.0026132265130574
571,-0.00659452523663795
572,0.00618711688627194
573,0.00348193133161168
574,0.0105985425509116
575,0.00214301283016116
576,0.000692953109562744
577,-0.00120277397649016
578,0.00921808725796769
579,-0.00230664455413265
580,-0.000351205866190085
581,0.0100880338606553
582,-0.000782724543188174
583,-0.000120505169105556
584,-0.00786174859464417
585,0.002647688182007
586,0.00645158845942095
587,0.00431575181685773
588,0.00214758676379834
589,0.0025604372264878
590,-0.00116665068819355
591,0.00321821627785468
592,-0.0140545816494528
593,0.00959531553840876
594,-0.00179458472888516
595,-0.00130483453998931
596,0.00858954330737749
597,-0.000918444403875007
598,0.00658872421416312
599,0.00154205520887096
600,-0.000642774901818299
601,-0.00120796100921705
602,-0.00974994030246457
603,0.00543786816980241
604,0.00156897233584452
605,0.00795190759838338
606,0.00025484097900641
607,0.00373006345354554
608,0.00184689989909703
609,-0.00536141642273513
610,-0.00890325905287082
611,-0.0177259614236105
612,0.0113062366649208
613,0.000961254242358933
614,-0.0107391776165171
615,0.0150700958976122
616,0.00480474225806748
617,0.006505555218701
618,-0.00121410539177447
619,0.00172927818605562
620,-0.013694428150961
621,0.0061613920559056
622,-0.0129796892901757
623,-0.00321306073929151
624,-0.00324344987088931
625,0.00896899620758163
626,-0.000418323085245476
627,-0.00156858655746195
628,0.0106393647725671
629,0.00357385717738445
630,0.000347529236449873
631,0.00329855072741569
632,0.000920902421303715
633,-0.014287025073374
634,0.00570510447457906
635,0.0188757072451908
636,0.00309660854880267
637,-0.00192131636642756
638,-9.68249917816522e-05
639,-0.00206745969976385
640,0.0044590939417235
641,-0.0122961534850088
642,0.00485746837421708
643,-0.0200031613134612
644,0.00465476207193305
645,-0.023615148557985
646,-0.016120829479302
647,0.0102017913066215
648,-0.0127272924647706
649,0.00721656678875782
650,0.00434981640869747
651,-0.0269457880164303
652,0.0238640799186447
653,0.00614047465960699
654,0.0139737525902346
655,-0.03009806642741
656,0.000378465843171583
657,-0.000495411070207119
658,-0.01832339558044
659,-0.0140054583279019
660,0.00324352143821383
661,0.024269565909413
662,-0.000269682415440897
663,0.00108546507570306
664,0.0116448207641202
665,-0.00107289159634938
666,0.0114690179710468
667,-0.00853995187649481
668,-0.023752943098998
669,0.0216850513864655
670,-0.00418977469724524
671,0.0111543028906604
672,0.0104138092727721
673,-0.0115677737105786
674,0.00424287267649426
675,-0.0170530370774884
676,-0.00127362412879428
677,0.0135402363541388
678,4.76165874498946e-05
679,0.00838431576192011
680,0.00020217573342407
681,-0.00513356927211905
682,0.0287895817258725
683,0.0060679597654163
684,-0.00674593828109593
685,0.00459846433574551
686,-0.0052703080792158
687,-0.00034268816859484
688,0.005396714626972
689,0.00389948210985658
690,-0.00302799981037793
691,0.0132021598414251
692,-0.000265079337207652
693,-0.00456224849632303
694,0.00210872673573714
695,0.0095148812283723
696,-0.00322169814449236
697,0.00806364642986246
698,-0.0017137974947401
699,-0.0051718095996014
700,0.00474295933635283
701,-0.00841673245512009
702,-0.0065948672138525
703,0.00175984679550201
704,-0.000752946188733894
705,-0.025949311293501
706,0.00379117640477489
707,0.008764339586536
708,-0.00244440754330277
709,-0.000976794951958126
710,0.01369345695608
711,0.00370577097275149
712,-0.00648437167897686
713,0.0119206611262213
714,-0.0267788890347616
715,0.000801886675927399
716,-0.00496709312638899
717,0.0119772051663798
718,-0.029809726749324
719,-0.000576178077605682
720,-0.0143900622480899
721,-0.0100384522732844
722,0.0286777843029586
723,-0.00709447789658757
724,-0.0133004887971184
725,0.00521668047664914
726,-0.0176144815928989
727,0.00447616355253544
728,-0.0160550776140784
729,0.0167494256728196
730,-0.0235129662210323
731,0.0148197950173214
732,0.0281596240471256
733,0.000476361308165529
734,0.00774018494210882
735,-0.00590473608906184
736,-0.00656173785210967
737,0.0150759152461228
738,0.0149249724706717
739,-0.00177950378963931
740,0.0074818942678192
741,-0.0255958716918698
742,0.00603187942658234
743,0.00122357527870509
744,-0.013841622648072
745,-0.0151348546362806
746,0.00626015942802027
747,-0.00136175649047665
748,0.0048882361109861
749,0.0165324227879804
750,0.00804456022815625
751,0.000808309028023757
752,-0.0143852629171581
753,0.00150264008596146
754,-0.00687516839197588
755,-0.0145430828887374
756,0
757,-0.0248579700167744
758,0.00321807535284346
759,-0.0185227579589267
760,0.0135321102172785
761,0.00791671177545883
762,-0.0136886509554852
763,0.0108119763143026
764,-0.0252409007192655
765,-0.00562788572249051
766,-0.0295241764197485
767,-0.00606376963614874
768,-0.0111470570811019
769,0.021215529973901
770,0.0100124377344279
771,-0.0159992390586847
772,0.0173961307208534
773,0.00614088060663853
774,-0.00477537853537857
775,0.0166331524548324
776,0.0121632190818932
777,-0.0105179902679815
778,-0.032518472942983
779,-0.00765284978183267
780,0.00785484263475755
781,-0.00421258013431913
782,0.00587172684132042
783,0.00723962703256564
784,0.0135123583447569
785,-0.0135123583447569
786,0.00083739746669842
787,-0.000896675946858494
788,0.00830627799008177
789,-0.0129508645303282
790,0.00784972049042576
791,0.0137181461912217
792,0.00689409157253262
793,-0.000919867064847146
794,-0.00898209311875053
795,-0.0274633951426537
796,0.000533410237206766
797,-0.00345358556019626
798,0.00522465518044779
799,-0.022259858258133
800,-0.00844592843338354
801,-0.0155842857940858
802,0.0364571323918295
803,-0.00903627768777149
804,0.00511382270955618
805,-0.0210022737622388
806,-0.00899905403220558
807,0.041534895928538
808,-0.0245869964078409
809,0.0236622862583094
810,0.0152052424957416
811,0.00230124747266913
812,-0.00880440487802314
813,-0.011526658459533
814,-0.00798195748247821
815,0.00567113503716143
816,0.0352670924773024
817,-0.00193594335946567
818,0.00130079229604796
819,0.000795679122596482
820,0.00156038074843412
821,-0.0051130829274717
822,-0.00812499102704312
823,0.0044640734402881
824,-0.0205845976068595
825,-0.00338952293857453
826,0.00458932962105152
827,0.0224376484246429
828,0.000622720845369074
829,0.0179764532693234
830,-0.00155473272274786
831,-0.00884927363781873
832,0.00289572134781135
833,0.0064216144826732
834,0.00647373686541819
835,-0.00105215510367884
836,-0.0038962734637531
837,-0.00385371798633471
838,0.016995468401257
839,0.00323037501708967
840,-0.00454389148409806
841,0.00762280608775256
842,-0.0182798531152004
843,0.00366283574106596
844,-0.00674816608368545
845,0.0109604924673654
846,-0.000384745357491667
847,0.00399758319761023
848,0.010528841120542
849,0.00124961759569775
850,0.000897642405962351
851,-0.00931685691055684
852,-0.0161837861981757
853,0.00261395959509692
854,-0.0132984342815874
855,0.00682289260092261
856,0.00395505874678737
857,0.00532075692462897
858,0.00151501829040956
859,-0.0105598229989941
860,-0.00580464247457702
861,-0.000326749556665007
862,0.0193085355013674
863,-0.0313763379285117
864,0.000793373614301984
865,-0.00244104897317765
866,-0.017038680897091
867,0.00327433237980568
868,0.0149341890517674
869,8.08670033718428e-05
870,-0.0067943625179705
871,-0.00975929140161025
872,0.00374530174873922
873,-0.0187169296144543
874,5.3071210983191e-05
875,-0.00281881054256949
876,0.00582640080774155
877,-0.0298050153578444
878,-0.0037243557246418
879,0.00126642266852439
880,0.00382862551330909
881,-0.0183713444757503
882,0.00109332370478299
883,-0.00842078969793114
884,0.0169361191670419
885,-0.0230395566162516
886,0.00696543691840201
887,-0.0111518958216612
888,-0.00906885716802197
889,-0.0109611114950159
890,0.0247546047403171
891,0.0119409814258686
892,0.000285686634231119
893,-0.000539579797459666
894,0.0134018560870155
895,0.00405593037987728
896,-0.02339598669887
897,0.00415884828254232
898,-0.0187716545983667
899,0.0230874307533355
900,0.0165345395984913
901,-0.0132309033771962
902,-0.00559401212776578
903,-0.0090065237395951
904,0.0283140871410641
905,0.00334873575160088
906,-0.0180964966146835
907,0.0236118675749708
908,0.00691874069841525
909,-0.0121238680414617
910,-0.00291992202075431
911,0.00550661241347239
912,0.0040676494471823
913,-0.0152129412927025
914,-0.00935855821085241
915,0.00617820742851372
916,0.00249185712504474
917,0.0112689372994357
918,-0.0198205702530663
919,0.00367959447144184
920,0.00795096080312163
921,0.0147311069066687
922,-0.0138187055436507
923,-0.00410091160250392
924,-0.0020371524777838
925,-0.0303788573994099
926,0.00442097815579601
927,0.0203026606368546
928,-0.0347344857776859
929,0.00613059162967033
930,0.0137119378260619
931,0.00211928660746441
932,-0.0482829846858506
933,0.017371525757083
934,-0.0482880327090527
935,0.0424288062073401
936,0.0394673777399142
937,-0.0389868043085846
938,-0.0157561116312053
939,-0.00197968636500612
940,0.0194658103739611
941,0.00337672171668757
942,-0.0921895926824616
943,0.0527581576529794
944,-0.00455434348827755
945,-0.0411249493348764
946,-0.0135985659523525
947,-0.0392792689474684
948,-0.0591077919851264
949,-0.0113974069031491
950,-0.0792240627662419
951,-0.011828976240742
952,0.109571967677871
953,-0.00533634999137433
954,-0.0946951249598742
955,0.0416288224743084
956,-0.00623220605518071
957,0.0465828766849175
958,-0.0312839918990973
959,-0.0629530802356726
960,0.0125548977897267
961,-0.0351207770294861
962,-0.0322797897489293
963,0.102457358617304
964,-0.0111409072713213
965,0.0254766502324637
966,0.0152485457471148
967,-0.00253224808079811
968,0.0400144782431386
969,-0.0541152584391771
970,-0.0515712086420006
971,0.0284461815908461
972,-0.0127338959053622
973,-0.0222872005129924
974,-0.053288865472509
975,0.0669225905167732
976,-0.0425934906221732
977,-0.0261493499622869
978,0.009790290349037
979,-0.0631054959591921
980,-0.0694818458880215
981,0.0613280013306214
982,0.0627142317038336
983,0.00652941350580694
984,0.034718401377587
985,0.00959691329205459
986,-0.0935365213431991
987,0.0391636644629507
988,0.0255080471306171
989,-0.0297464991534344
990,0.0358490902202151
991,0.0376688836092862
992,-0.0233889441476451
993,0.0118240071437743
994,-0.028938762069683
995,0.0070038305322333
996,-0.0127668302519286
997,0.0500848165169145
998,-0.009639170271317
999,-0.0213898235637293
1000,0.00293259244905464
1001,-0.0184715766838766
1002,-0.00976498528612169
1003,0.00576449604828522
1004,0.00534188233486788
1005,-0.00388011766234619
1006,0.024114019154613
1007,0.0140590477654765
1008,0.0311188164766465
1009,-0.00467928889300584
1010,0.00778673741549163
1011,-0.0304691204557725
1012,0.00339131563340622
1013,-0.0215332133128845
1014,-0.0228225878244084
1015,0.00175651491508511
1016,-0.0340324645978924
1017,0.0013282990282466
1018,0.00753313169630587
1019,-0.0542620141173771
1020,0.0425720574215678
1021,-0.0152784461619406
1022,0.00536325003424221
1023,0.00553785001614315
1024,0.0108663299543723
1025,0.0330068388156581
1026,-0.0336810642160428
1027,-0.0230528212847645
1028,-0.000532910651536156
1029,0.0157099392572118
1030,-0.00751769828255355
1031,0.0162331896535264
1032,0.026540681922576
1033,0.00148409164672536
1034,-0.0503686700730261
1035,0.00792347711700891
1036,0.00173765511052437
1037,-0.0100480076858052
1038,-0.0466294998790584
1039,-0.000950817478137189
1040,-0.0120968975791254
1041,-0.0114785914280864
1042,-0.0353153178799461
1043,0.0393200497973138
1044,-0.0107150264339682
1045,-0.0159056764237766
1046,-0.0238464838543342
1047,-0.0477418894103172
1048,-0.00642737770474877
1049,0.0234753582745517
1050,-0.0434633017179884
1051,0.00121531426414823
1052,-0.0100742457406087
1053,0.0617186333331183
1054,0.00244282967308074
1055,0.0399210750436207
1056,0.0077092355948869
1057,-0.00352212036828625
1058,0.0316342588360552
1059,0.0206433924487781
1060,-0.013064128555369
1061,-0.0199674289518876
1062,0.0683663875024916
1063,-0.0206263613511473
1064,0.00958033253437574
1065,0.0230526016737294
1066,-0.0205247175047596
1067,-0.0354393232638124
1068,0.013044168607852
1069,0.016421043215848
1070,0.0283222262125244
1071,0.00968472215402105
1072,-0.00836727617773558
1073,-0.024143668502739
1074,0.0117145566578376
1075,0.0373470913112142
1076,0.00253016479483748
1077,-0.0202685166790708
1078,0.0124709309068631
1079,0.0154193092069468
1080,0.00495705446343297
1081,-0.0437322091954568
1082,0.0210293836881039
1083,-0.00771131987436124
1084,0.00987344292581316
1085,0.0166578333737339
1086,-0.0101175866845882
1087,-0.00274429808218013
1088,0.0213798542985861
1089,-0.000950519117425941
1090,0.00538188035425335
1091,0.0333072427952121
1092,-0.00379892898988832
1093,0.017254617777497
1094,-0.0132903382754623
1095,0.0237839014872199
1096,-0.0217471899560744
1097,-0.000979334269865184
1098,-0.027263198890811
1099,0.0102984315280912
1100,-0.0114756764082955
1101,0.0299365948938579
1102,-0.00173834592088795
1103,-0.00514467248849559
1104,-0.016899558460068
1105,-0.00149833240703234
1106,0.0259622075014638
1107,-0.019153424181412
1108,0.0153012545732159
1109,0.013483446369416
1110,0.0254899433546445
1111,0.00198133685095225
1112,-0.0138344652510858
1113,0.0114182199196389
1114,-0.00251785736408738
1115,-0.00101106523384242
1116,0.00349705973085168
1117,-0.00348640216488239
1118,0.00609329806249992
1119,0.00139602050505072
1120,-0.0240555909611047
1121,-0.012801901023745
1122,-0.00138252376228909
1123,0.00837581484725369
1124,0.00310935784201583
1125,-0.031078363852612
1126,0.00230406899272495
1127,0.00650324787179901
1128,0.0212175847428711
1129,-0.00147892105389325
1130,0.00902429678633077
1131,-0.00856735148030108
1132,0.00435244487902064
1133,-0.0295776846284292
1134,0.00256246233436297
1135,-0.0198797860301791
1136,-0.00166993032912277
1137,0.00354094592778065
1138,-0.00402993831169685
1139,0.0246279488736949
1140,0.00530198316588759
1141,0.0291994350631661
1142,0.00860463409494638
1143,-0.000382734759453385
1144,0.0113667024613227
1145,0.00362071430510102
1146,-0.000534419621958548
1147,0.0230225995361319
1148,0.00303754371082388
1149,0.00297738921673218
1150,-0.00260984755707572
1151,-0.00457340633192338
1152,0.0118253846127718
1153,0.000739508609090223
1154,0.015225608418854
1155,0.00300756989349082
1156,-0.00291784390936112
1157,-0.0056405330403555
1158,0.0133497001584706
1159,-0.003350555849849
1160,-0.0127409356041577
1161,0.011459230815313
1162,0.00685644989443013
1163,-0.00856794937047844
1164,-0.0245599614715646
1165,0.0100945339631151
1166,0.00683748338367884
1167,0.0108892278403427
1168,0.0184514799559539
1169,-0.000545946315042123
1170,0.00236666410022224
1171,0.000116719841670943
1172,0.00277789993090938
1173,-0.00199030699677749
1174,-0.00810919893613704
1175,-0.0223722262293844
1176,-0.00330188431835321
1177,0.00849858221732358
1178,0.0130322435343979
1179,0.00880604658007833
1180,0.00775225856918205
1181,0.0103682932267617
1182,-0.00135133977483282
1183,0.0063191080278866
1184,0.00313043643073385
1185,0.0152073081704103
1186,-0.00306432944483692
1187,0.00263386797496334
1188,-0.00341311453754933
1189,0.00655334858937007
1190,-0.0101195583959148
1191,-0.00955654836383868
1192,-0.00610936043308197
1193,0.017652852996382
1194,-0.00223206553339139
1195,-0.00333385185547463
1196,-0.0260972110394855
1197,-0.00451570565046122
1198,0.0147654539594306
1199,0.0136124157904565
1200,0.00270793622734455
1201,0.00744214548846056
1202,0.00562481076477805
1203,0.00437677740981446
1204,-0.00279150463186806
1205,0.0173937438660525
1206,0.00414885025761969
1207,-0.00813102357304452
1208,0.00936136631008999
1209,-0.00625864865101633
1210,-0.00889323467242153
1211,0.0105873745769909
1212,-0.012253314804954
1213,-0.0117865149910621
1214,-0.00332330712455864
1215,-0.0197343858638721
1216,0.0222701238918095
1217,-0.0284660280775499
1218,0.00643565369545129
1219,0.00242306402905523
1220,0.0010420774133868
1221,0.0190528873304814
1222,0.00250012437044589
1223,0.021995084704507
1224,-6.39918769227421e-05
1225,0.00501935779461693
1226,-0.0103123594880037
1227,0.00572288704331925
1228,0.0143639771521151
1229,0.000918983496342562
1230,-0.000468350369056125
1231,-0.0135168062447102
1232,-0.00322010172065301
1233,0.013523913615094
1234,-0.000533449683534748
1235,0.00449400736024774
1236,-0.0173837002881783
1237,0.00378581875175321
1238,0.0120029021643955
1239,0.000342640104594061
1240,-0.00843759723102089
1241,0.00549431178074045
1242,-0.0024714325029711
1243,-0.0103044924415601
1244,0.00366564561119453
1245,0.00582272055202893
1246,0.00367632749088909
1247,0.00693529605406784
1248,-0.00556240826055809
1249,0.00112759409461383
1250,-0.0118809138485352
1251,0.0058129523600563
1252,0.0104489770052236
1253,0.00355721376438378
1254,0.0022960204279201
1255,0.00524240689525435
1256,0.00115341543472169
1257,-0.00140203397798544
1258,0.000195410678400343
1259,-0.0101004355411893
1260,0.015916081588939
1261,0.00311083258606715
1262,0.00054537178454428
1263,0.00399321768965777
1264,0.00287758302153307
1265,0.00174523162929852
1266,-0.00942544576898019
1267,0.00829145632438344
1268,0.00242348622352928
1269,-0.0108821266169565
1270,0.0124221510615365
1271,-0.0106543862492527
1272,-0.0191266576379148
1273,-0.0223897789955867
1274,0.00458755856844117
1275,-0.00421205752703457
1276,0.00486828281853935
1277,-0.0118881258080155
1278,-0.00987779888537244
1279,0.0141653052825124
1280,0.0128895205561932
1281,-0.00548935039110088
1282,-0.0316358561099443
1283,0.00289293031048921
1284,-0.00890280294113488
1285,0.0129558424332483
1286,-0.00223506975616594
1287,0.00963388250066277
1288,-0.00274836617729601
1289,0.0178406532113087
1290,0.00422900491690648
1291,0.00656315752063286
1292,0.00218423491289599
1293,-0.0010464049626977
1294,-0.0121766447784486
1295,0.00967351910685377
1296,-0.00208320870914047
1297,0.00140439271299009
1298,0.0101072576918231
1299,0.00232773131013975
1300,0.000429109102265457
1301,0.00372915639980143
1302,0.0139102823862975
1303,-0.000175611281236776
1304,0.00171127187326459
1305,0.00451435474804285
1306,0.00403337441662188
1307,-0.000217369570136405
1308,0.000452093030955503
1309,0.00774901483335011
1310,0.00580479533225198
1311,-0.00032589922718973
1312,-0.00509942676168595
1313,0.00508235980463212
1314,0.00714537748290489
1315,-0.00550844767962921
1316,-0.00170562173967159
1317,0.000737451172124537
1318,0.00566714641181321
1319,4.26586094119941e-05
1320,-0.00327824247037523
1321,0.00738645410980876
1322,0.00789672874949865
1323,0.00168287887592466
1324,-0.00589404277106986
1325,0.00336866123379931
1326,0.00666166854112582
1327,0.00176505056348208
1328,0.000685166575163265
1329,0.0110883626143403
1330,0.000842184378327282
1331,-0.0162579823653806
1332,0.00451114103266281
1333,0.00802604539093998
1334,-0.0010195168178786
1335,0.00226132102521071
1336,0.00709826739408825
1337,-0.00430570396940411
1338,-0.0236596402677067
1339,0.00644195803028769
1340,0.0128601803303772
1341,-0.0167878102361989
1342,0.0130352579905457
1343,-0.0241271997995494
1344,-0.00660834225410944
1345,-0.0328884409104759
1346,-0.0154266457083896
1347,0.0430347036359366
1348,-0.00340307556835295
1349,0.0136459925025747
1350,-0.0122195002868901
1351,-0.0189789807824319
1352,0.00110875300916202
1353,-0.0142976312743288
1354,-0.00514346885922468
1355,-0.0397557958242247
1356,0.0149126320445241
1357,-0.0129920463358486
1358,0.000353874873899152
1359,-0.00567707857817901
1360,0.0323473122979099
1361,-0.0124518928786399
1362,-0.0173143531012858
1363,0.0255144281566615
1364,0.00404319182716328
1365,-0.0350174419301954
1366,-0.0136244659931517
1367,0.0109162673609076
1368,-0.00595939712670734
1369,0.0290798462163266
1370,0.00437011595660408
1371,-0.00180629420352574
1372,0.0232224500706355
1373,-0.000556089249191594
1374,0.00128218607180131
1375,0.00131626440418575
1376,-0.00386429830752544
1377,-0.0162012245616934
1378,-0.00298993968920058
1379,-0.016946283526087
1380,0.00285528252758116
1381,-0.00203601009732424
1382,-0.0315082302982983
1383,-0.0101644536876053
1384,-0.00324571348394809
1385,-0.00467327172809551
1386,0.00534472637047934
1387,0.0308500230552067
1388,0.00936865450955349
1389,0.00717806382460928
1390,0.000732633547972483
1391,0.0152618228996202
1392,-0.000155143778904687
1393,0.00119538807897346
1394,-0.029242909163198
1395,0.00596406947786132
1396,0.0113518737363592
1397,-0.0129026989816561
1398,0.0222636877044327
1399,0.00818641997138325
1400,0.0111379090898875
1401,-0.00104990835639729
1402,-0.00694603269365857
1403,-0.00416729259597215
1404,6.34978415838816e-05
1405,0.0217835280930325
1406,-0.00480789427328876
1407,0.00603287779632744
1408,-0.0012693292744439
1409,-0.0037109156138122
1410,0.00546808673855104
1411,-0.0059852811861294
1412,-0.0285834060878463
1413,-0.00539326699700293
1414,-0.00403169038775264
1415,0.000120451397280341
1416,0.0121184894355721
1417,0.00148168037892127
1418,-0.0170804355837246
1419,-0.0036697544109412
1420,-0.00404849074485458
1421,-0.0146187681440244
1422,0.00328394475122629
1423,-0.00771446624558347
1424,0.0164507102885798
1425,-0.014828611229734
1426,0.00039071798423862
1427,0.0290777363810122
1428,0.00903985342442848
1429,0.0131323936255203
1430,-0.0115374914603938
1431,0.00641805921968697
1432,0.00482065242742902
1433,0.00485154493380691
1434,0.0110691260791667
1435,-0.00071337319119813
1436,0.00353488317600448
1437,-0.000364409958688583
1438,0.000826514434341341
1439,0.0150952877846136
1440,-0.00256731343587546
1441,-0.00483717279571483
1442,-0.00836623996472952
1443,0.0209729156440357
1444,-0.00568355338686555
1445,0.00483866074341499
1446,-0.00259111314287352
1447,-0.00308848644757909
1448,0.00440671430603068
1449,-0.00806738657634565
1450,0.0206467227682605
1451,-0.000672230203662139
1452,-0.00164787548692491
1453,0.00610361246510926
1454,0.000145826380506087
1455,0.00381148431292377
1456,0.0070957855123055
1457,-0.0036480321897745
1458,0.00202543218178519
1459,0.00721763508885687
1460,-0.0160046444369542
1461,0.0104690830152396
1462,0.00177233710496072
1463,0.00238640853948713
1464,0.00214467009426489
1465,1.68855375761723e-05
1466,-0.0026942100810885
1467,0.00112421713132616
1468,-0.000439383364707169
1469,0.000946085618121373
1470,0.0077293357235666
1471,0.00367130673804095
1472,0.0190993046901946
1473,0.00391507905868504
1474,-0.00212321016063655
1475,-0.00808489488190212
1476,0.00436653397225051
1477,-0.00425114999364329
1478,-0.0118787661411339
1479,-0.00121817736157226
1480,-0.0163381572621963
1481,0.000212140375955627
1482,0.0152405830517095
1483,0.00253715186067627
1484,-0.00157660834433937
1485,-0.0143870321375594
1486,0.0148127162611447
1487,-0.00749659211788867
1488,-0.00137980971978457
1489,-0.0060887156619005
1490,0.021386621877868
1491,0.0127371001572589
1492,0.00259985431041887
1493,-0.00129908225014308
1494,0.000514947680268385
1495,0.00369492551091533
1496,0.00383538380870885
1497,0.00598370341054633
1498,4.83195346570042e-05
1499,0.000910541779019169
1500,-0.00513561753954317
1501,0.00616604598947035
1502,0.000836454409727239
1503,0.0025451115611439
1504,0.00601199422367493
1505,0.00337385743824736
1506,-0.00164568154736511
1507,0.000612509202130518
1508,0.000771026831074551
1509,0.00100863608877688
1510,-0.00150935736759905
1511,-0.000190807466305287
1512,0.0112512937760822
1513,-0.00131392469581026
1514,0.00499467652785945
1515,-0.00212521436382662
1516,-0.00184648609413074
1517,-0.0013772751808192
1518,0.00371820589060956
1519,0.00896725421524991
1520,-0.00171221110649178
1521,0.00735740998350121
1522,0.001375464809378
1523,-0.010167166112689
1524,-0.00129579826342585
1525,0.00241063774383399
1526,0.00581931505115563
1527,0.000263427858290477
1528,0.00421202401498455
1529,0.00224179092232735
1530,-0.0180138052353058
1531,0.0076333497009804
1532,0.0165557920663701
1533,-0.00272623062444133
1534,0.0023514328345664
1535,0.00288011065657567
1536,0.00622078256565217
1537,0.00417602002730622
1538,-0.00278965277085064
1539,0.000749212030126678
1540,0.0054922612790147
1541,0.002382084738632
1542,-0.00324015429813151
1543,0.0062379383060529
1544,0.0030709713123418
1545,0.00192287268088975
1546,-0.0207422054038009
1547,-0.0061307150183838
1548,-0.000994871327513636
1549,0.0104952479370892
1550,0.00554568008612755
1551,-0.0158648620566035
1552,0.00161389762089925
1553,0.0170724351127749
1554,-0.00740539032583154
1555,-0.00837621485341167
1556,0.00888316122204369
1557,-0.00136263081917765
1558,-0.0190512811028922
1559,0.00705556456840739
1560,-0.006067696457972
1561,-0.0112635447574503
1562,-0.0196874817647164
1563,0.0133092663717145
1564,0.00430093939832688
1565,0.014874667971581
1566,-0.00355688506898222
1567,0.00290974184802195
1568,0.00929739334644175
1569,0.00315615127021385
1570,-0.00275161894028386
1571,0.0070352396094755
1572,0.00666246311058316
1573,-0.00183117732267579
1574,0.00495071285084503
1575,0.000345150227789581
1576,-0.000180071281671523
1577,0.00218129662341759
1578,-0.00152116247666978
1579,-0.0040124831355568
1580,-0.00279728828538772
1581,-0.0078070956296461
1582,0.000190217490336764
1583,8.36735841609482e-05
1584,0.00391772868801432
1585,-0.0110789976782506
1586,0.00571480985944994
1587,0.0134244349573631
1588,0.00526290885154168
1589,-0.00159393963772025
1590,0.00893950761622619
1591,0.00623039784124924
1592,0.00354911825943383
1593,0.00229801982875077
1594,-0.00175424863313367
1595,-0.00338502667552909
1596,-0.00687891438099708
1597,-0.00911121665601211
1598,0.00381264255749514
1599,0.00453387018375295
1600,0.00804161592368757
1601,-0.0111736895962347
1602,0.00488349340589611
1603,-0.00810004638800876
1604,-0.00622371876518901
1605,-0.00036862909934765
1606,0.00876527255202664
1607,0.00217557268173252
1608,-0.00771797456920886
1609,-0.011997265281523
1610,-0.000827722781917117
1611,0.0031781136070359
1612,0.0039453222364294
1613,0.00407261593627783
1614,0.0105370144175314
1615,-0.0230482254421238
1616,-0.00122558655421567
1617,-0.00978149249397564
1618,-0.0108185158329981
1619,-0.000956865401350093
1620,-0.00419566378795366
1621,0.00735040901149997
1622,-0.014078483250656
1623,0.00066853288531199
1624,0.0125329134371137
1625,-0.0175855693730487
1626,0.0017527982098029
1627,0.00304039001446288
1628,0.00538068881514864
1629,0.0133341796982984
1630,-0.00648945993309713
1631,-0.00283199313132876
1632,-0.0117950773123585
1633,0.00914253711469204
1634,0.0128612924547111
1635,0.00824863335529979
1636,0.0100683719988064
1637,0.0143068688806984
1638,-0.00133707249830817
1639,0.00100105795369121
1640,0.0103995828897991
1641,-0.00698545819841812
1642,-0.018256167242102
1643,-0.00444336938458711
1644,0.00310102706679238
1645,-0.00673878268416228
1646,0.00553905589693215
1647,-0.00816311811768244
1648,0.0161771496047294
1649,-0.000671057918560258
1650,0.0134552627786402
1651,0.00090743973371854
1652,-0.00565899535561876
1653,-0.00411342058346786
1654,-0.0205177242328665
1655,-0.00323920738287864
1656,-0.00647142755894858
1657,-0.00414086095217225
1658,-0.0258889087378966
1659,0.00500314595823159
1660,-0.0490016554271833
1661,-0.000575082650694725
1662,-0.0689583694345011
1663,0.0463174407543656
1664,-0.0451567965651609
1665,0.0452505944544548
1666,0.00524787511209901
1667,0.0215507274368214
1668,-0.0097862747865376
1669,0.000946938237783357
1670,-0.0456185995898375
1671,-0.0151227560294362
1672,0.00025800788024366
1673,0.0337102489999168
1674,0.0130346513639337
1675,-0.0156879346852277
1676,0.0150084180166195
1677,0.0278875048209182
1678,0.00234427511405055
1679,0.00490990895541099
1680,-0.0119424610353267
1681,-0.025607017084277
1682,-0.00746407691162965
1683,0.0282438250625177
1684,-0.0106688906386889
1685,-0.0270685625679219
1686,0.00694156899144271
1687,0.00907872567713408
1688,0.0133897608613243
1689,0.0170410461841648
1690,0.00569047604543815
1691,-0.00985094873159031
1692,-0.00166238645247585
1693,-0.0298309950357503
1694,-0.0324024566004537
1695,0.00606358872417712
1696,0.0230680208948169
1697,0.0106316656047891
1698,-0.0209081955994623
1699,0.00808148572559642
1700,-0.0252912740737035
1701,-0.0288636033785545
1702,0.0222393064046686
1703,0.0177079188389317
1704,0.0181381689808147
1705,-0.00819681138836614
1706,0.0335556441594189
1707,0.000543855290753292
1708,0.00974704698991591
1709,-0.00297810254442066
1710,0.0172309489071045
1711,-0.0195599378475508
1712,0.0202130497687039
1713,-0.0127298187858012
1714,0.00454384001348451
1715,0.0186340672031751
1716,0.0127908063564579
1717,-0.0202483457356237
1718,0.0104814304042433
1719,0.0337165913080133
1720,0.000389153528487007
1721,-0.0250486166156643
1722,-0.0283400600024164
1723,0.0159763632135936
1724,0.0186076072070964
1725,-0.00629981958290138
1726,0.00627600849227683
1727,0.0116673104575096
1728,-0.0373853468049665
1729,0.00858720062395602
1730,0.0192932234707763
1731,-0.00959603725233737
1732,0.00480559883744469
1733,-0.0167557988102081
1734,-0.0169426717460741
1735,-0.000394756927443396
1736,-0.0188245711572623
1737,-0.00414943851668959
1738,-0.0223429704597846
1739,-0.00268911919925596
1740,0.0288210791355352
1741,0.00221120648536921
1742,0.0424034387262529
1743,-0.00191046967191433
1744,-0.000241015567978842
1745,0.0102344634943536
1746,0.00110513818593194
1747,0.00201632073261848
1748,-0.0213684988013423
1749,0.0167424122479796
1750,-0.0150263863410247
1751,-0.00872395364282852
1752,-0.0114132513532486
1753,0.00323785309661773
1754,0.00321098895457439
1755,-0.0118021979677119
1756,0.0293892957258874
1757,0.00194760826509022
1758,0.00823157693113075
1759,0.00899448073988562
1760,7.91050906894242e-05
1761,-0.0125565062036017
1762,0.0106501725530839
1763,-0.00430057078195123
1764,0.015355483659043
1765,0.000187906160885376
1766,0.00293939285205269
1767,-0.00254018500173281
1768,0.00225904391047838
1769,0.0088465237049391
1770,0.000309549024282596
1771,0.00233388310124383
1772,-0.00496020430847821
1773,0.00354665767105633
1774,0.0110466890401675
1775,0.00492650176502618
1776,0.000669235882375219
1777,0.000471231832951169
1778,-0.00102634414018432
1779,0.00864169533851555
1780,-0.00577050837510029
1781,-0.00159414780608369
1782,-0.0025253088662982
1783,-0.000457051443493839
1784,0.00886023774688649
1785,0.00109454764780992
1786,0.014499725687382
1787,-0.000423963746334799
1788,0.00202133769374324
1789,0.00215788085202906
1790,0.00147302495244972
1791,-0.0069101222546406
1792,0.00677702341142083
1793,-0.000939965350693406
1794,-0.00539774788518876
1795,0.0109653661362268
1796,0.00234617558460481
1797,0.000719664147935006
1798,-0.00334569759037784
1799,0.00426290335879642
1800,0.00167084095805858
1801,0.00135364285487949
1802,0.00335071357158423
1803,-0.00474824275595065
1804,0.00613915646363949
1805,-0.00325103507306501
1806,-0.00387720062846686
1807,-0.015489506349164
1808,0.00687692207133495
1809,0.00977004895653355
1810,0.00362467306679903
1811,0.000160448003327041
1812,0.0179691328362557
1813,-0.00119697817839626
1814,0.00594946620969417
1815,0.00111877222043688
1816,0.00396597147512434
1817,-0.00300502840088424
1818,-0.00187294998668186
1819,-0.00723263469064861
1820,0.00310403596907349
1821,0.0137903003811832
1822,-0.00282074958785206
1823,-0.00495375905961026
1824,-0.00160922411047792
1825,0.00369161404395779
1826,0.00747662586616027
1827,-0.00399661169318488
1828,-0.0102549268907746
1829,-0.000629240236214024
1830,-0.0114234380847753
1831,-0.0172290250205762
1832,0.00742128971352685
1833,0.0136853149819895
1834,-0.0125534667456888
1835,-0.000503727622279015
1836,0.0153679791555561
1837,-0.00406353329447651
1838,-0.00595207569129474
1839,0.00116858236626349
1840,-0.00844311318472801
1841,0.00367302015521176
1842,0.0135523423902342
1843,0.00665795209080322
1844,0.00241141401333422
1845,-0.00389106215339474
1846,0.00564243564260547
1847,-0.00249980508133962
1848,-0.0076883516009314
1849,-0.0162789952114322
1850,0.000350519240533309
1851,-0.00428785287734446
1852,-0.00672482778984929
1853,0.00251424727416794
1854,-0.00339309090192774
1855,-0.01117507305272
1856,-0.00576240872092093
1857,-0.00441354366417546
1858,-0.0151657978047659
1859,-0.00741520132812123
1860,0.015908683988533
1861,0.000486219062245219
1862,0.0016922701589781
1863,0.00137908064402747
1864,-0.0021679811409836
1865,0.0110180555392203
1866,-0.0144386295659409
1867,-0.00227926088167862
1868,-0.0249512954215287
1869,0.000109548470041965
1870,0.00571051436820813
1871,0.0227877761371547
1872,-0.000106470427507332
1873,0.00808142084267693
1874,-0.0127004234590169
1875,0.0115833898986972
1876,-0.00704803020027622
1877,0.0107565928722817
1878,0.0102847454744222
1879,0.0014437036043633
1880,0.00976783429319195
1881,-0.00168778046725304
1882,-0.0225132077068944
1883,0.00714898940880371
1884,-0.0160835025157402
1885,0.00476136775748159
1886,0.00894478190806858
1887,-0.00211202870368599
1888,0.0246147936500325
1889,0.0024562924622602
1890,0.00621277173793722
1891,-0.00469804194746182
1892,-0.00947741840221283
1893,-0.00164017633768676
1894,-0.00815912161449717
1895,-1.49240384228477e-05
1896,-0.00499957404873896
1897,0.0163627588531714
1898,-0.00231699541309549
1899,0.00738235559029832
1900,0.00665827507372363
1901,0.00271341563503746
1902,-0.0101126208363018
1903,-0.00894897852475385
1904,-0.00908205023595787
1905,-0.000313910762899106
1906,0.0164056629468412
1907,0.0189008143599869
1908,-0.000483476534740568
1909,-0.00432617309985961
1910,-0.00290419290235455
1911,-0.00753196341395768
1912,0.0188612880168071
1913,0.00232656055634539
1914,0.00509376337427447
1915,0.000620633723697139
1916,0.000413599905977335
1917,0.00218605046122633
1918,-0.00125268524521882
1919,-0.000128154155744298
1920,0.00113899121233452
1921,0.00707542076430112
1922,0.00187038344719603
1923,-2.11748443135207e-05
1924,-0.00350366685838122
1925,0.000226377418945489
1926,-0.00810499947091436
1927,0.00643398846531262
1928,-0.000489134791598289
1929,-0.000808508632808014
1930,0.000843992676175631
1931,-0.00783642989845301
1932,0.00506047006371091
1933,-0.00116663957296659
1934,-0.00106823165359771
1935,0.0202295368196461
1936,0.00404179510880365
1937,-0.00616680573095341
1938,0.00313005242310638
1939,0.00209050560200463
1940,0.0161781717105187
1941,0.00395113577313833
1942,-0.00312958345809022
1943,-0.0012805950521706
1944,0.00118485206009211
1945,-0.000540879949957329
1946,-7.53222997937897e-05
1947,-0.00223514954449477
1948,-0.0105573895352329
1949,-0.00575325353805933
1950,0.00960272762378533
1951,-0.00448780791268444
1952,0.00264799746778088
1953,0.000871906889519991
1954,0.00361785713150553
1955,0.00714882160989205
1956,-0.000321640602879647
1957,-0.00346272396479907
1958,-0.00994018254082096
1959,-0.00620725495771079
1960,0.000195370278807339
1961,-0.00297054495564275
1962,0.00804547070826001
1963,0.0102175557733855
1964,0.00410860596536988
1965,-0.0024467196305995
1966,-0.016710145006793
1967,0.0004394857604062
1968,-0.0145492350179213
1969,-0.00309015223480102
1970,0.00299106515850145
1971,-0.000729248066475563
1972,0.000155867711761459
1973,0.0108672128540972
1974,-0.00942371849029566
1975,0.00216147163196467
1976,0.00782250920348027
1977,-0.0239904846382153
1978,-0.012279932930479
1979,0.0016972514097553
1980,0.000130478861348315
1981,-0.00399338347560629
1982,-0.0139488704012525
1983,-0.00159481582451804
1984,0.00482827486175985
1985,0.0196673769068623
1986,0.000663166475065147
1987,0.00231749315482332
1988,0.012942201988551
1989,-0.00203164401993128
1990,-0.00524029393118219
1991,0.00782533125554252
1992,0.0042605532404778
1993,0.000162494659567081
1994,-0.00475651932603149
1995,-0.00171127571324448
1996,0.00158360732177698
1997,0.00330113578204916
1998,0.00291666208282582
1999,0.000338503574980109
2000,0.00652753131997663
2001,0.000448138879964866
2002,-0.00634148976994808
2003,-0.0041439755970929
2004,0.0118006878307124
2005,0.011421185869362
2006,-0.00761814523668036
2007,0.00547310412923085
2008,-0.0094229444582723
2009,-0.00244327880769202
2010,-0.00479895670249331
2011,-0.0012191845857652
2012,-0.0111114457608297
2013,0.0168000267789203
2014,0.0250861162809422
2015,-0.00208779554121996
2016,0.0048533002617237
2017,-0.00312800322107964
2018,-0.00324763970537756
2019,0.00265234596367847
2020,0.00756869970876828
2021,-4.75149186138779e-05
2022,-0.000931104825128592
2023,0.00112803322079635
2024,0.000196972467491285
2025,0.00562706018745907
2026,0.00339749233702147
2027,0.00441833221534349
2028,0.00150634192388299
2029,6.61419639502725e-06
2030,0.00543070889682884
2031,-0.00185133412369165
2032,0.00509300370768884
2033,-0.0039072447493087
2034,-0.00256659223467448
2035,0.010002513494821
2036,-0.0116058327040065
2037,0.0103626321389179
2038,0.000549019822990715
2039,-0.0018070307454412
2040,0.00564199454255832
2041,-0.000606301283571753
2042,0.00159400117335018
2043,0.000592087548575648
2044,0.000690433378051303
2045,-0.00104562791416463
2046,0.0073096942171258
2047,-0.0124817112783244
2048,-0.00632300531558805
2049,0.00873421362357529
2050,-0.0184792755796783
2051,0.00609087631288396
2052,0.0126456992358053
2053,-0.000864453116014907
2054,0.00232115914547659
2055,0.0046001265488691
2056,0.00952055194459955
2057,0.00108392513655087
2058,0.00181484372843244
2059,0.00447112874753319
2060,0.00324381887029013
2061,-0.00240614588950461
2062,0.00131318976064687
2063,0.00558735155757173
2064,-0.00161977356025567
2065,-0.00552556995812115
2066,-0.00242546987760051
2067,0.00667516373986388
2068,-0.0083169236849141
2069,0.00714864391792247
2070,-0.00334562978856923
2071,0.00775496375620222
2072,-0.000588523087380111
2073,0.00404846287235916
2074,-0.00448361657145746
2075,0.00515893386384647
2076,-0.0106021334803152
2077,0.00404027897372661
2078,-0.00430414505955135
2079,0.00628295877146634
2080,0.00353806576738691
2081,0.0121154432584394
2082,0.0035459564012621
2083,-0.00284079798439674
2084,-0.0232341250374395
2085,0.0142058408709529
2086,-0.0144313133513894
2087,-0.00672355634860722
2088,0.00880898927910412
2089,0.00465079821542691
2090,0.0103653126175125
2091,6.34031852619898e-06
2092,0.00402661449122199
2093,-0.00184381183628979
2094,0.00716031529692795
2095,0.00248181745825082
2096,-0.00935147257722146
2097,0.00936400403139093
2098,0.0104795638695707
2099,0.00190596109460994
2100,0.00521663919827642
2101,0.00413053857943524
2102,-0.00369391774633154
2103,0.00431234363275923
2104,4.28888409889083e-05
2105,0.0100910667911167
2106,0.00510110320235935
2107,-0.00502233162656562
2108,0.0102474119847287
2109,-0.00070786862025507
2110,0.0017209046128599
2111,-0.00830807390799126
2112,-0.0029281152127405
2113,-0.000551517389983047
2114,0.00632096210287258
2115,-0.00707293670116638
2116,0.00366362521898278
2117,-0.0144105769569691
2118,0.00591844003680286
2119,-0.00552604796710998
2120,-0.0138755548731133
2121,0.00845445465196448
2122,0.0127499143478786
2123,-0.000346873427656824
2124,-0.010205264360045
2125,-0.00840477668942263
2126,0.0146760685918217
2127,-0.0059024011357689
2128,0.00753887581273727
2129,0.00776096371285817
2130,-0.0139483013969688
2131,-0.0253284248255481
2132,0.002666219490842
2133,-0.0122193690269237
2134,0.00945245625813129
2135,0.00954478999932196
2136,0.00618069104756724
2137,-0.0042987890587467
2138,0.00538919983291208
2139,-0.0005450567626335
2140,0.000823707817223962
2141,0.0101500460298922
2142,0.00523780503650251
2143,0.00720366172182008
2144,0.000181576068661649
2145,0.0134632131161112
2146,0.00308172969899356
2147,0.00137393539334418
2148,-0.00371565527788675
2149,0.0027702064016788
2150,0.00502034174953803
2151,0.00160875575520603
2152,0.00203096226114141
2153,-0.00185365348551247
2154,-0.00381850317841348
2155,0.00255321022615274
2156,0.000827951193140386
2157,-0.00374303396304843
2158,0.000373747154854165
2159,-0.00013641883113813
2160,0.0124625884398295
2161,0.00163911418859097
2162,-0.00148093070361455
2163,-0.00573947310553091
2164,-0.00381312569916847
2165,0.00387792090416905
2166,-0.00357634773294979
2167,-0.00115358571713653
2168,0.00277220972548431
2169,-0.00519006291320068
2170,-0.0143845653305519
2171,-0.00331006748250928
2172,-0.00591777767732538
2173,0.00381391310215928
2174,-0.00579636961331342
2175,0.00858244167651012
2176,0.0039392418724935
2177,-0.00404783940924602
2178,-0.0160015393374877
2179,0.0027438776346882
2180,0.00196147664425173
2181,-0.00317936704421751
2182,0.00415557533102184
2183,0.00808418760961516
2184,0.00120913153950752
2185,5.44297258651127e-05
2186,0.00994328214331652
2187,0.00731894030823721
2188,0.0030476348223738
2189,-0.00338614186469322
2190,0.00271100148176906
2191,0.00567700867858001
2192,0.00420886949012456
2193,0.0121041216925901
2194,-0.00184465431581149
2195,-0.00724305417226034
2196,-0.00473075873128082
2197,-0.00260052157109847
2198,-0.0027432249096826
2199,0.00347936560327877
2200,-0.00408212169563793
2201,-0.00604747987897802
2202,0.00796672458119385
2203,-0.00066689193952385
2204,-0.00901997253841191
2205,0.00702846681132563
2206,-0.00854274760673501
2207,-0.0124087499649912
2208,0.000573741584451781
2209,0.0215956233728347
2210,0.00626659527639362
2211,0.00406644145177637
2212,-0.00708878958009063
2213,0.0137328040315845
2214,0.0067213142111342
2215,0.00652740570253041
2216,9.17321066111754e-05
2217,0.00572111637378736
2218,-0.00473575320410013
2219,0.0032528383122683
2220,0.00438521482412835
2221,0.00132881605335466
2222,0.00556866131660883
2223,-0.00488784936718112
2224,-0.00384677083390983
2225,0.0028992146473561
2226,0.00356419934203611
2227,-0.00280953084344837
2228,0.00425646841151384
2229,-0.0132704361042091
2230,0.013338208830703
2231,0.00072267046193808
2232,-0.00237320587385081
2233,0.00806275295031877
2234,0.00482559675500571
2235,0.00421314650007876
2236,-0.00370505274996713
2237,-0.00204505517743669
2238,-0.00364223599640034
2239,0.00809570571710694
2240,0.00494919039932817
2241,-0.00126414117716322
2242,0.000149793495562101
2243,0.00248199841808638
2244,-0.000785997972773345
2245,-0.0027227239896046
2246,-0.00319795599263006
2247,-0.00130434301253146
2248,-0.00434901620599337
2249,0.0111751951427346
2250,0.00181545108360304
2251,-0.00318472489586341
2252,-0.0113813974430217
2253,-0.00377768854573191
2254,-0.000101415449329068
2255,0.00630015225723568
2256,-0.00310580590138798
2257,0.0165109057804926
2258,-0.000580096970897337
2259,0.00480715505290341
2260,0.00530402891696458
2261,0.00291150427484865
2262,0.00473430503327954
2263,-0.000336641489946388
2264,-0.000179269894159617
2265,0.00395185631591755
2266,-0.00890141308229708
2267,-0.000333020328278977
2268,-0.00251492693317079
2269,0.0060633451825538
2270,-0.000212231694765919
2271,0.000348248734820089
2272,0.00230403036309479
2273,-0.0126559664896657
2274,0.01075987627814
2275,0.0051528891343553
2276,-0.0013480283593692
2277,-0.00390278060394866
2278,0.00276991242951219
2279,0.000574699765986786
2280,-0.00892932453982542
2281,-0.0210964214964333
2282,-0.0048882215903987
2283,0.00612187539440168
2284,-0.0102617040053703
2285,0.0112040442426675
2286,-0.00648628988702349
2287,-0.0230966046034604
2288,0.00761204338333066
2289,-0.00203028211002909
2290,0.0123630544156672
2291,0.013214193602149
2292,0.00156800464224105
2293,0.0110013758444198
2294,-0.000269298518890793
2295,0.00579321182005987
2296,0.00479768947917147
2297,0.00115780345614702
2298,-0.00654586190052076
2299,0.00601334166556988
2300,-0.00192056651181716
2301,0.00616745536205254
2302,-0.00134859055000724
2303,2.16997082533865e-05
2304,0.00493588147209412
2305,0.00277882422261033
2306,-0.00740586636198604
2307,0.0151523228342167
2308,-5.33524369705773e-05
2309,0.00171693312189092
2310,0.000537944701997972
2311,-0.000463353578807002
2312,-0.00509509694160215
2313,0.000305124168463067
2314,-0.0117700915065626
2315,-0.00282576645111643
2316,0.00956771760196951
2317,0.00719368227489348
2318,-0.00615052484482348
2319,0.00602233396080987
2320,-0.00293697999067266
2321,-0.00487658142921354
2322,0.00439427100472223
2323,-0.00702493667276993
2324,-0.0019018915970701
2325,0.00462948921412654
2326,0.00789287154385132
2327,0.0070146881968487
2328,0.00284926336425695
2329,-0.00112708474585688
2330,-0.012616543077149
2331,-0.010808312462367
2332,0.00374353804780014
2333,0.0108590394626162
2334,-0.0211059679216197
2335,-0.00953205993380735
2336,0.00818370818243785
2337,0.00673457945540701
2338,0.0104338684212522
2339,0.00136292371098623
2340,0.00376801562134865
2341,0.00408378889976113
2342,-0.00221576676650592
2343,0.00171548790073039
2344,-0.00812934477856952
2345,0.00323081153933558
2346,0.00474946032089285
2347,0.00298754974058468
2348,-0.000143271499644548
2349,-0.00134935499643873
2350,0.00186946730010895
2351,-0.00902903120769771
2352,0.00560075474535893
2353,-0.00137456920358403
2354,0.00151832288286347
2355,0.00962625620353919
2356,0.000421668916014362
2357,-0.00471208963163416
2358,-0.00940590380541284
2359,0.00373996241046282
2360,0.00383741434790785
2361,-0.0065196046087328
2362,0.00808334041970671
2363,0.00235944422810963
2364,0.00423939288552333
2365,0.00596995027375247
2366,-0.00111469281152576
2367,0.00535275865819163
2368,0.00184198044744743
2369,0.000727561668555587
2370,-0.000379288745559592
2371,0.00188987678895014
2372,0.00650408209108555
2373,0.0046170833074175
2374,0.000938331305107454
2375,-0.000246014154145158
2376,-0.00354331093877303
2377,-0.00711413945191186
2378,0.0031296592884118
2379,0.000836355270388722
2380,0.00217021247740501
2381,0.00768924304188978
2382,0.00127666329547083
2383,0.00172856367519536
2384,-0.00013247297232688
2385,-0.00645610655987472
2386,0.00488555751160114
2387,-0.00117957912445377
2388,0.00190904511827394
2389,-0.00037232626800332
2390,0.00665557298946684
2391,0.000658596162261382
2392,0.00546455008240532
2393,-0.00393123905908066
2394,-0.00707376194048237
2395,0.00463351649371191
2396,-0.00413962814962421
2397,0.00146984170400444
2398,0.00483186108333999
2399,-0.00193396492782227
2400,0.00419228501402014
2401,-0.0119046058414494
2402,0.0102126091095895
2403,-0.00232294651459952
2404,0.00500361095825319
2405,0.00175290104463688
2406,0.000488036458804686
2407,-0.00486094571948925
2408,0.00028811321192368
2409,-0.00453806841016036
2410,6.09108599309849e-05
2411,-0.0202019319801767
2412,-0.00286321647470533
2413,0.00716331454385255
2414,-0.00973267904391317
2415,1.56382717566572e-05
2416,-0.00557211547605352
2417,0.0114654228023729
2418,0.00275562496105053
2419,-0.00163798240239021
2420,0.00668476725501144
2421,0.00433639826904209
2422,-6.13747476219118e-05
2423,0.00849548289299928
2424,0.00498819050701815
2425,0.00247474819157301
2426,0.00294554710346961
2427,-0.00199457506824352
2428,0.00477635409921451
2429,0.00105052910224401
2430,4.99857503220014e-05
2431,-0.00169133060373472
2432,0.00331491438790366
2433,-0.00054421430747631
2434,-0.000779444456148859
2435,-0.00153559956037075
2436,0.00502324794336317
2437,-0.00307784591667204
2438,-0.0065665217057651
2439,0.00363944360111024
2440,0.00088151688223892
2441,-0.00598040543743661
2442,-0.000710403657569358
2443,0.00745650703099887
2444,0.00129480516916569
2445,0.00487925709696935
2446,-0.000477383541575449
2447,-0.00804560235559748
2448,-0.0057932498118749
2449,0.00780197660825355
2450,-0.0163009134703964
2451,0.00853926145203854
2452,-0.00255005097883565
2453,-0.00278981666290345
2454,-0.0133371061732772
2455,5.14344867941219e-06
2456,0.0111036352853944
2457,-0.00156638593810943
2458,-0.0152416182580346
2459,0.0173109474626436
2460,-0.0208778486004606
2461,-0.0115170799971454
2462,-0.0166050333890189
2463,0.00157761971434933
2464,-0.00813330076038188
2465,0.000144967452102129
2466,0.0128018133755461
2467,0.00910111612015552
2468,0.0193853705517286
2469,-0.00732610069111495
2470,0.0122283057558548
2471,0.00702869029605413
2472,-0.00150269679126147
2473,0.0118683645937558
2474,-0.00138631599052275
2475,0.00621079695358162
2476,0.0116631145259039
2477,-0.000118928800235452
2478,-0.0028338532482115
2479,0.00568431071217113
2480,0.0037684038179453
2481,0.00034952512292552
2482,0.00311532710763185
2483,0.000696451657019814
2484,-0.00070136272063781
2485,0.000529704401583508
2486,0.000240241233654181
2487,0.000735088777762627
2488,0.00512084957906112
2489,-0.00150228681447917
2490,0.00196516386829604
2491,0.00522321260373815
2492,0.002859929760886
2493,-0.00115069155918857
2494,0.00280205255492394
2495,-0.00254566438022064
2496,-0.00685278973916059
2497,0.00636416703985621
2498,0.00375767369059687
2499,-0.00116257161119471
2500,0.00166383144824511
2501,-0.00728302186219132
2502,-0.000237852197481736
2503,-0.016486120835066
2504,0.00452543377123771
2505,-0.0163464657921013
2506,-0.00636278618551067
2507,-0.00852526004308629
2508,0.0201480735367578
2509,0.0237313744836403
2510,0.00455963802882131
2511,0.00380322261586841
2512,0.0017448387198078
2513,-0.000139306211045742
2514,0.00330411011647236
2515,0.000861403031772845
2516,-0.00490059269736509
2517,-0.0103643838934451
2518,-0.000340021389685141
2519,-0.0184472134761444
2520,-0.00893325483918783
2521,0.0115627358160442
2522,0.0177301685361213
2523,-0.00843932215298615
2524,-0.00812661692658967
2525,-0.00258188569811857
2526,-0.00583002858816606
2527,-0.00929090321018489
2528,0.0133348931859034
2529,0.00154875249129915
2530,0.0047204648795427
2531,0.0151543129616831
2532,-0.00550665628783698
2533,0.0025651682269423
2534,-0.0134782877843405
2535,-0.0135875029854553
2536,0.00948951714801005
2537,-0.0130770991237998
2538,0.0128791703225923
2539,0.0143362382277425
2540,-0.00416470631283339
2541,0.0102388108233749
2542,-0.00342402769471661
2543,-0.00425623956942545
2544,0.010618979721448
2545,-2.90342065518701e-05
2546,0.00959829498498976
2547,0.00406645934045802
2548,0.00159629986164056
2549,-0.000314358504146739
2550,-0.00106262196882057
2551,0.00610784288444677
2552,-0.000303385345276297
2553,0.00275497229909494
2554,-0.000766016941597947
2555,-0.00147711854171728
2556,-0.00296068293759255
2557,0.00610623838037583
2558,-0.00454887294390804
2559,-0.00439816123077552
2560,0.00119536536275699
2561,-0.0142753562195637
2562,0.00393666241764379
2563,-0.017106821197868
2564,-0.00191952070345813
2565,0.0125227022377192
2566,-0.00609323717440802
2567,0.0134429089960602
2568,-0.00332569765570323
2569,0.0120851016447512
2570,-0.00488448890259008
2571,0.00897238213196072
2572,-0.00174725671037557
2573,-0.00615834576099061
2574,-0.0146659264438469
2575,-0.00238033098804724
2576,0.00236576112412124
2577,0.0121623823073698
2578,-0.0088346859011752
2579,-0.00397325460309794
2580,0.0035234525311898
2581,0.0065870725268109
2582,-0.00206403267867206
2583,0.00267894145243641
2584,0.004447576210592
2585,0.00518937692086574
2586,-0.00459180684247329
2587,0.0016284321389497
2588,0.00513498908181376
2589,-0.000778746958332022
2590,-0.0113757039050322
2591,0.00919274825019833
2592,-0.00148170237090905
2593,0.00507458291283669
2594,0.00235494098298616
2595,0.00225026646283322
2596,-0.00414991298962608
2597,0.00276540448890294
2598,-0.00374734807524302
2599,-0.010180553084024
2600,0.0108637764214281
2601,0.00293643306656488
2602,-0.0119080032177754
2603,-0.00446568133609659
2604,0.00376671063472767
2605,0.0133681481498069
2606,-0.00510255667790105
2607,-0.0029539964693166
2608,-0.000305001424704798
2609,0.0107216046471983
2610,0.000768118444979926
2611,0.00304331261267166
2612,-0.000643581575864083
2613,-0.000930949230348865
2614,0.00233514557838888
2615,-0.00223638478974664
2616,-0.0103352051802652
2617,0.00912091879004606
2618,-0.00126756372621095
2619,-0.00633851495443949
2620,0.00205734307698524
2621,-0.00100910478042859
2622,0.0021166291368182
2623,-0.00866056199292231
2624,-0.00143721534464625
2625,-0.00649556042135568
2626,0.000418265496527681
2627,0.0119704918361236
2628,0.00173711663812259
2629,-0.0070188746545119
2630,-0.00463328924790396
2631,0.00567373031353036
2632,0.00197768423147515
2633,0.00985400013693116
2634,-0.00531761523853902
2635,0.00607636825454971
2636,0.000635666182351891
2637,-0.00738046569667361
2638,-0.00297800390407499
2639,-0.000390156049689949
2640,-0.021086969192055
2641,0.00265496194295345
2642,0.00691209669929282
2643,-0.000308070392667226
2644,-0.00386923244265525
2645,0.00606256053312659
2646,-0.0167929648234564
2647,0.00225964770162879
2648,0.0122629860966725
2649,0.0110052687613678
2650,0.00444327299128133
2651,-0.000735256382355054
2652,0.00798273357816903
2653,0.00110557185224902
2654,0.000770936286135004
2655,-0.00427079607374026
2656,-0.00239056521227798
2657,-0.00569221021230693
2658,-0.010761020698431
2659,-0.00579175469573467
2660,0.0123100735978525
2661,0.00729214275694812
2662,2.83671633782845e-05
2663,-0.00227410383798432
2664,-0.00276069402668266
2665,-0.00225223930882024
2666,0.00310983840925516
2667,-0.00778319577967057
2668,-0.00287902322429456
2669,0.0127268359757942
2670,-0.00960306502341179
2671,0.000949603893046103
2672,-0.00127602574827979
2673,0.00390433204198271
2674,0.00519789154605732
2675,-0.00262898268279343
2676,-0.00828913667207143
2677,-0.021325960481545
2678,-0.0323692421132389
2679,-0.0402114444918844
2680,-0.0136142499639105
2681,0.0382912997435536
2682,0.0240072542785086
2683,0.00060855118835601
2684,-0.00842707845849233
2685,-0.0300226497726479
2686,0.0181276710264706
2687,0.00116411593987387
2688,-0.0154483086598134
2689,0.0247736369512754
2690,-0.0139950357100282
2691,0.00526407544510477
2692,0.00447700656464356
2693,-0.00409804146269543
2694,0.0127496878742788
2695,0.00866774082813926
2696,-0.00256434473252298
2697,-0.0162962310196422
2698,0.00455539233622204
2699,-0.0123949302909496
2700,-0.00205074398806282
2701,-0.00336865211349302
2702,-0.000465901586886197
2703,-0.0260012110067462
2704,0.00123209375925271
2705,0.0188958983535743
2706,0.0019719386827024
2707,0.0142137929864976
2708,0.0181245937851626
2709,-0.00359468940302055
2710,0.00800351980253122
2711,0.00877978031552651
2712,0.000724848591430849
2713,0.00127466433383017
2714,-0.00684882392385777
2715,-0.00472743082671467
2716,0.0147435512951724
2717,0.00456006137448739
2718,0.000270509028434951
2719,-0.00142210073671301
2720,-0.00584244934317724
2721,0.0164908473280025
2722,0.0109699536892025
2723,-0.00191493266193721
2724,-0.00255738583438969
2725,0.0117704884483798
2726,-0.000449875597454685
2727,-0.00482148183896491
2728,0.0118038766233894
2729,0.00272435281375571
2730,-0.00355166671678298
2731,-0.00113278977860176
2732,-0.000347682033036811
2733,-0.00987129063476289
2734,0.00150945535619673
2735,-0.00323330746417927
2736,-0.0140891631915299
2737,-0.011270640608152
2738,0.0147933026272655
2739,-0.00134027701851203
2740,0.0160332300153074
2741,-0.00112374038159935
2742,0.00380295545259468
2743,-0.00123562384909803
2744,0.00122125009447949
2745,-0.00012914090666527
2746,0.000593441447398924
2747,-0.00465179999034948
2748,0.0106239390884877
2749,-0.0110565926159163
2750,-0.0144778266483376
2751,0.0203178562611113
2752,-0.00701404393919702
2753,-0.00651105239957239
2754,-0.00776908647592567
2755,0.00224885640741501
2756,-0.0196138675856385
2757,0.0047442879213806
2758,0.0105625802189007
2759,0.0144106355653522
2760,-0.0151547762903474
2761,-0.0179574950935821
2762,0.00774830643659197
2763,0.00877809594203427
2764,0.0123415963516766
2765,-0.00159991548730609
2766,-0.00218093634258665
2767,0.010573663970038
2768,-0.0072433987852536
2769,-0.00945648503576635
2770,-0.0154220416883257
2771,0.00201020425962906
2772,-0.0132021629158556
2773,-0.0239858165446307
2774,-0.0108975376927827
2775,0.000852908478711001
2776,0.00777251423844838
2777,-0.025282375384065
2778,0.0165580611849352
2779,-0.0218357728207446
2780,0.00053168018744465
2781,-0.0117627660262425
2782,0.00518198853995866
2783,0.0200807267904768
2784,-0.0157615449848167
2785,0.0140452379210618
2786,-0.0109229224533678
2787,0.00551335062318881
2788,0.024458651059442
2789,-0.000443334664320005
2790,-0.0189209689346574
2791,0.00497962002234864
2792,0.00152556835801843
2793,-0.0186541580951998
2794,-0.0142550582336654
2795,-0.000663840393829496
2796,-0.000188968354347452
2797,-0.0123774471693121
2798,0.0193300150777436
2799,0.0163817378720363
2800,0.0163461105044709
2801,-0.00467663200242985
2802,-2.60334080879332e-05
2803,0.0143507312538782
2804,-0.0125325773268097
2805,0.00442995987971617
2806,0.0112843665533235
2807,-0.0018718651532712
2808,-0.00815413142239674
2809,0.0235883858535111
2810,0.00408594956528141
2811,0.00349263419912393
2812,0.00330043995646978
2813,0.000884623035136478
2814,-0.0113037560546747
2815,0.0050396727822184
2816,0.000155792534013877
2817,0.0162625455332446
2818,-0.00126176824164403
2819,-0.00183863096500048
2820,0.00558472788483488
2821,0.00657358301020849
2822,0.00439596710198131
2823,0.000985092132832932
2824,-0.0008777729804752
2825,-0.00640650958382949
2826,-0.000378142009603621
2827,0.000545107171986636
2828,0.00877801208391293
2829,0.0043408797962412
2830,-0.00204184239013472
2831,0.00631095903716261
2832,-0.00321347981187969
2833,-0.0101962984758037
2834,0.0104527978523494
2835,-0.0120480740050803
2836,0.00278270289483462
2837,-0.00274354620660056
2838,0.00961575414016114
2839,0.00999006968459071
2840,0.000172912227568212
2841,-0.000984769658889384
2842,0.00651972589130345
2843,0.00307973793245608
2844,0.000761254803917311
2845,-0.0052075629179118
2846,4.78587439003419e-05
2847,-0.00181368959093486
2848,0.00187100012200236
2849,0.00164799402984794
2850,-0.00927363570178574
2851,-0.0050759493430439
2852,0.00777960678668155
2853,-0.00871449965192461
2854,-0.00595458270601501
2855,-0.000239036509944945
2856,0.00316961066719568
2857,0.000753212905197032
2858,0.0124063656357682
2859,-0.00960752304999168
2860,-0.000169479502623915
2861,-0.00851443412914499
2862,0.00974897650846707
2863,-0.00945586346870986
2864,0.000205157713103254
2865,-0.00371359461058862
2866,0.00600145907833483
2867,-0.00208763642351162
2868,0.0135886377601899
2869,0.00695052942600416
2870,-0.000210465855566611
2871,0.00427769496851305
2872,-0.00100576889609361
2873,0.00113439867634746
2874,0.00282069633785742
2875,-0.00291606225870034
2876,0.00488532837819022
2877,0.00128861576982153
2878,0.00330410179470153
2879,-0.00171923573099431
2880,-0.00921753236003742
2881,-0.00814829842285647
2882,-0.00180050544053856
2883,-0.0018424088906448
2884,0.00312809299825645
2885,-0.00326328388848651
2886,0.00579138263509016
2887,0.00270839043964965
2888,-0.00165292891443247
2889,0.0132755669843192
2890,-0.0365807927237238
2891,-0.0182622464547508
2892,0.0176141217235806
2893,0.0168892431093681
2894,0.0134738627220994
